Step,Formula,Example_Value
1. Calculate Daily Returns,(Price_t / Price_t-1) - 1,2.5%
2. Calculate Mean Returns,AVERAGE(daily_returns),15%
3. Calculate Volatilities,STDEV(daily_returns) * SQRT(252),25%
4. Calculate Correlation,"CORREL(returns1, returns2)",0.4
5. Set Portfolio Weights,w1 + w2 = 1,"60%, 40%"
6. Calculate Portfolio Return,w1*R1 + w2*R2,13%
7. Calculate Portfolio Variance,w1²*σ1² + w2²*σ2² + 2*w1*w2*σ1*σ2*ρ12,0.04
8. Calculate Portfolio Volatility,SQRT(portfolio_variance),20%
9. Calculate Sharpe Ratio,(Rp - Rf) / σp,0.5
