Feature_ID,Epic_ID,Title,Story_Points,Status,Assigned_ART,PI_Target,Dependencies,Risk_Level
F-001,MR-001,Real-time VaR Calculation Platform - Component 1,17,In Progress,Market Risk Core,PI 2025.4,2,Medium
F-002,MR-001,Real-time VaR Calculation Platform - Component 2,13,In Progress,Market Risk Core,PI 2025.6,1,Low
F-003,MR-001,Real-time VaR Calculation Platform - Component 3,14,Done,Risk Analytics Engine,PI 2025.4,0,Low
F-004,MR-001,Real-time VaR Calculation Platform - Component 4,14,Not Started,Counterparty Solutions,PI 2025.6,2,Low
F-005,MR-001,Real-time VaR Calculation Platform - Component 5,18,Not Started,Risk Analytics Engine,PI 2025.6,1,Low
F-006,MR-002,Stress Testing Automation Framework - Component 1,5,Done,Counterparty Solutions,PI 2025.4,0,Low
F-007,MR-002,Stress Testing Automation Framework - Component 2,6,Done,Risk Analytics Engine,PI 2025.5,1,Low
F-008,MR-002,Stress Testing Automation Framework - Component 3,4,In Progress,Counterparty Solutions,PI 2025.6,0,High
F-009,MR-002,Stress Testing Automation Framework - Component 4,5,Done,Risk Analytics Engine,PI 2025.5,1,Medium
F-010,MR-002,Stress Testing Automation Framework - Component 5,12,In Progress,Market Risk Core,PI 2025.6,1,Medium
F-011,MR-003,Counterparty Risk Dashboard - Component 1,12,Done,Risk Analytics Engine,PI 2025.6,2,Low
F-012,MR-003,Counterparty Risk Dashboard - Component 2,10,Done,Market Risk Core,PI 2025.5,2,High
F-013,MR-003,Counterparty Risk Dashboard - Component 3,15,Not Started,Counterparty Solutions,PI 2025.4,0,Low
F-014,MR-003,Counterparty Risk Dashboard - Component 4,11,In Progress,Counterparty Solutions,PI 2025.6,2,Medium
F-015,MR-004,Market Data Quality Enhancement - Component 1,5,In Progress,Market Risk Core,PI 2025.5,2,Medium
F-016,MR-004,Market Data Quality Enhancement - Component 2,9,Done,Risk Analytics Engine,PI 2025.4,2,Low
F-017,MR-004,Market Data Quality Enhancement - Component 3,7,In Progress,Risk Analytics Engine,PI 2025.6,2,Medium
F-018,MR-004,Market Data Quality Enhancement - Component 4,7,Done,Counterparty Solutions,PI 2025.4,0,Medium
F-019,MR-004,Market Data Quality Enhancement - Component 5,16,In Progress,Market Risk Core,PI 2025.6,2,Low
F-020,MR-005,ESG Risk Integration - Component 1,9,In Progress,Market Risk Core,PI 2025.5,0,Low
F-021,MR-005,ESG Risk Integration - Component 2,15,In Progress,Market Risk Core,PI 2025.4,2,Low
F-022,MR-005,ESG Risk Integration - Component 3,4,In Progress,Risk Analytics Engine,PI 2025.4,0,High
